Workbook

Sheet 对照明细
A1: 专营店编码 | B1: 专营店名称 | C1: 省份 | D1: 城市 | E1: 旧大区 | F1: 旧小区 | G1: 新销售大区 | H1: 新销售小区 | I1: 匹配状态
A2: 21056 | B2: 上海东风南方威铭 | C2: 上海 | D2: 上海 | E2: 华东大区 | F2: 沪苏小区 | G2: 华东一区 | H2: 上海区 | I2: 已匹配
A3: 15495 | B3: 上海东风南方威顺 | C3: 上海 | D3: 上海 | E3: 华东大区 | F3: 沪苏小区 | G3: 华东一区 | H3: 上海区 | I3: 已匹配
A4: 54934 | B4: 上海奉贤 | C4: 上海 | D4: 上海 | E4: 华东大区 | F4: 沪苏小区 | G4: 华东一区 | H4: 上海区 | I4: 已匹配
A5: 52015 | B5: 上海安吉普陀 | C5: 上海 | D5: 上海 | E5: 华东大区 | F5: 沪苏小区 | G5: 华东一区 | H5: 上海区 | I5: 已匹配
A6: 263 | B6: 上海松江 | C6: 上海 | D6: 上海 | E6: 华东大区 | F6: 沪苏小区 | G6: 华东一区 | H6: 上海区 | I6: 已匹配
A7: 53570 | B7: 东风日产新能源体验中心（上海尚悦湾店） | C7: 上海 | D7: 上海 | E7: 华东大区 | F7: 沪苏小区 | G7: 华东一区 | H7: 上海区 | I7: 已匹配
A8: 54111 | B8: 新能源上海东风南方虹桥零售交付中心 | C8: 上海 | D8: 上海 | E8: 华东大区 | F8: 沪苏小区 | G8: 华东一区 | H8: 上海区 | I8: 已匹配
A9: 969 | B9: 杭州东风南方宁围 | C9: 浙江 | D9: 杭州 | E9: 华东大区 | F9: 浙皖小区 | G9: 华东一区 | H9: 杭州区 | I9: 已匹配
A10: 348 | B10: 杭州东风南方杭城 | C10: 浙江 | D10: 杭州 | E10: 华东大区 | F10: 浙皖小区 | G10: 华东一区 | H10: 杭州区 | I10: 已匹配
A11: 50786 | B11: 杭州东风南方金沙 | C11: 浙江 | D11: 杭州 | E11: 华东大区 | F11: 浙皖小区 | G11: 华东一区 | H11: 杭州区 | I11: 已匹配
A12: 311 | B12: 杭州元通城北 | C12: 浙江 | D12: 杭州 | E12: 华东大区 | F12: 浙皖小区 | G12: 华东一区 | H12: 杭州区 | I12: 已匹配
... A394: 1287 | B394: 运城瑞盈河津 | C394: 山西 | D394: 运城 | E394: 华北大区 | F394: 晋蒙小区 | G394: 待确认 | H394: 待确认 | I394: 待确认

Sheet 待确认清单
A1: 专营店编码 | B1: 专营店名称 | C1: 省份 | D1: 城市 | E1: 旧大区 | F1: 旧小区 | G1: 新销售大区 | H1: 新销售小区 | I1: 匹配状态 | J1: xls近似店名线索
A2: 19717 | B2: 宿州东十里 | C2: 安徽 | D2: 宿州 | E2: 华东大区 | F2: 浙皖小区 | G2: 待确认 | H2: 待确认 | I2: 待确认 | J2: 宿州保俐
A3: 22080 | B3: 温州新成 | C3: 浙江 | D3: 温州 | E3: 华东大区 | F3: 浙皖小区 | G3: 待确认 | H3: 待确认 | I3: 待确认 | J3: 温州华鸿；温州龙元；温州汽车城；温州鹿城；温州三叶草
A4: 13575 | B4: 泉州汇京南环路 | C4: 福建 | D4: 泉州 | E4: 华东大区 | F4: 闽赣小区 | G4: 待确认 | H4: 待确认 | I4: 待确认 | J4: 泉州亿兴；泉州星旺
A5: 752 | B5: 泉州汇京友联 | C5: 福建 | D5: 泉州 | E5: 华东大区 | F5: 闽赣小区 | G5: 待确认 | H5: 待确认 | I5: 待确认 | J5: 泉州亿兴；泉州星旺
A6: 1356 | B6: 福州汇京福飞北 | C6: 福建 | D6: 福州 | E6: 华东大区 | F6: 闽赣小区 | G6: 待确认 | H6: 待确认 | I6: 待确认 | J6: 福州鸿业卓奕；福州鸿业顺奕
A7: 1277 | B7: 福州汇京金山 | C7: 福建 | D7: 福州 | E7: 华东大区 | F7: 闽赣小区 | G7: 待确认 | H7: 待确认 | I7: 待确认 | J7: 福州鸿业卓奕；福州鸿业顺奕
A8: 10915 | B8: 菏泽东风南方佳达 | C8: 山东 | D8: 菏泽 | E8: 华东大区 | F8: 山东小区 | G8: 待确认 | H8: 待确认 | I8: 待确认 | J8: 菏泽东风南方开源；菏泽东风南方定陶；菏泽东风南方开源银座；菏泽郓城广达
A9: 14995 | B9: 东莞汇京长海 | C9: 广东 | D9: 东莞 | E9: 华南大区 | F9: 广东小区 | G9: 待确认 | H9: 待确认 | I9: 待确认 | J9: 东莞东风南方万江；东莞港兴；东莞东风南方莞太；东莞东风南方莞樟；东莞东风南方莞龙
A10: 1097 | B10: 肇庆合利恒四会 | C10: 广东 | D10: 肇庆 | E10: 华南大区 | F10: 广东小区 | G10: 待确认 | H10: 待确认 | I10: 待确认 | J10: 肇庆锦利；肇庆锦利星湖国际广场
A11: 53555 | B11: 十堰东风大道 | C11: 湖北 | D11: 十堰 | E11: 华中大区 | F11: 湖北小区 | G11: 待确认 | H11: 待确认 | I11: 待确认 | J11: 十堰东贸轩威；十堰裕丰达；十堰东贸轩威万通
A12: 763 | B12: 唐山汇京唐信 | C12: 河北 | D12: 唐山 | E12: 华北大区 | F12: 京津冀小区 | G12: 待确认 | H12: 待确认 | I12: 待确认 | J12: 唐山冀东；唐山京佰朋昇；唐山鸿业智途；唐山京佰朋昇乐亭；唐山鸿业欣途
... A15: 17715 | B15: 西安精英 | C15: 陕西 | D15: 西安 | E15: 西北大区 | F15: 陕甘宁小区 | G15: 待确认 | H15: 待确认 | I15: 待确认 | J15: 西安东风南方未央汉城；西安东风南方浐灞佳泰；西安东风南方三桥；西安东风南方凤城；西安东风南方未央汉城铜川

Sheet 汇总透视
A1: 销售大区 | B1: 销售小区 | C1: 门店数
A2: 华东一区 | B2: 上海区 | C2: =COUNTIFS(对照明细!G:G,A2,对照明细!H:H,B2)
A3: 华东一区 | B3: 杭州区 | C3: =COUNTIFS(对照明细!G:G,A3,对照明细!H:H,B3)
A4: 华东一区 | B4: 浙东区 | C4: =COUNTIFS(对照明细!G:G,A4,对照明细!H:H,B4)
A5: 华东一区 | B5: 浙南区 | C5: =COUNTIFS(对照明细!G:G,A5,对照明细!H:H,B5)
A6: 华东一区 | B6: 福建区 | C6: =COUNTIFS(对照明细!G:G,A6,对照明细!H:H,B6)
A7: 华东二区 | B7: 安徽区 | C7: =COUNTIFS(对照明细!G:G,A7,对照明细!H:H,B7)
A8: 华东二区 | B8: 常锡区 | C8: =COUNTIFS(对照明细!G:G,A8,对照明细!H:H,B8)
A9: 华东二区 | B9: 苏中区 | C9: =COUNTIFS(对照明细!G:G,A9,对照明细!H:H,B9)
A10: 华东二区 | B10: 苏北区 | C10: =COUNTIFS(对照明细!G:G,A10,对照明细!H:H,B10)
A11: 华东二区 | B11: 苏州区 | C11: =COUNTIFS(对照明细!G:G,A11,对照明细!H:H,B11)
A12: 华东三区 | B12: 鲁东区 | C12: =COUNTIFS(对照明细!G:G,A12,对照明细!H:H,B12)
A13: 华东三区 | B13: 鲁北区 | C13: =COUNTIFS(对照明细!G:G,A13,对照明细!H:H,B13)
... A56: 待确认 | B56: 待确认 | C56: =COUNTIFS(对照明细!G:G,A56,对照明细!H:H,B56)
A57: 合计 | C57: =SUM(C2:C56)
